Platform,Q14_1_portion,Q14_2_portion,Q14_3_portion,Q14_4_portion,Q14_5_portion,Q14_6_portion,Q14_7_portion,Q14_8_portion,Q14_9_portion,Q14_10_portion,Q14_11_portion,Q14_12_portion,Q14_13_portion,Q14_15_portion,Q14_14_portion
Android,0.0743743916166,0.0969185620726,0.0579057873738,0.0549007856871,0.0180853301829,0.0523520382246,0.0357264410811,0.0724994609269,0.0336917670912,0.0823106638786,0.109241057071,0.0719805613063,0.0816457250428,0.131165908546,0.0272015198987
Apple,0.0770805080981,0.108779557581,0.0584037239125,0.0641958959718,0.0212902937463,0.0629973717302,0.0465829370673,0.0549785477623,0.0333189722867,0.0576437587201,0.121967489458,0.0606569066941,0.0865347796365,0.139378530254,0.00619072708114
